{
    "name": "root",
    "gauges": {
        "BallCollector.Policy.Entropy.mean": {
            "value": 2.3143422603607178,
            "min": 2.3143422603607178,
            "max": 2.3143422603607178,
            "count": 1
        },
        "BallCollector.Policy.Entropy.sum": {
            "value": 89773.3359375,
            "min": 89773.3359375,
            "max": 89773.3359375,
            "count": 1
        },
        "BallCollector.Environment.EpisodeLength.mean": {
            "value": 73.44208494208495,
            "min": 73.44208494208495,
            "max": 73.44208494208495,
            "count": 1
        },
        "BallCollector.Environment.EpisodeLength.sum": {
            "value": 38043.0,
            "min": 38043.0,
            "max": 38043.0,
            "count": 1
        },
        "BallCollector.Step.mean": {
            "value": 24799955.0,
            "min": 24799955.0,
            "max": 24799955.0,
            "count": 1
        },
        "BallCollector.Step.sum": {
            "value": 24799955.0,
            "min": 24799955.0,
            "max": 24799955.0,
            "count": 1
        },
        "BallCollector.Policy.ExtrinsicValueEstimate.mean": {
            "value": 5.71412467956543,
            "min": 5.71412467956543,
            "max": 5.71412467956543,
            "count": 1
        },
        "BallCollector.Policy.ExtrinsicValueEstimate.sum": {
            "value": 3017.057861328125,
            "min": 3017.057861328125,
            "max": 3017.057861328125,
            "count": 1
        },
        "BallCollector.Policy.GailValueEstimate.mean": {
            "value": 0.06561818718910217,
            "min": 0.06561818718910217,
            "max": 0.06561818718910217,
            "count": 1
        },
        "BallCollector.Policy.GailValueEstimate.sum": {
            "value": 34.64640426635742,
            "min": 34.64640426635742,
            "max": 34.64640426635742,
            "count": 1
        },
        "BallCollector.Policy.CuriosityValueEstimate.mean": {
            "value": 0.004542239010334015,
            "min": 0.004542239010334015,
            "max": 0.004542239010334015,
            "count": 1
        },
        "BallCollector.Policy.CuriosityValueEstimate.sum": {
            "value": 2.3983020782470703,
            "min": 2.3983020782470703,
            "max": 2.3983020782470703,
            "count": 1
        },
        "BallCollector.Environment.CumulativeReward.mean": {
            "value": 9.00288205151401,
            "min": 9.00288205151401,
            "max": 9.00288205151401,
            "count": 1
        },
        "BallCollector.Environment.CumulativeReward.sum": {
            "value": 4654.490020632744,
            "min": 4654.490020632744,
            "max": 4654.490020632744,
            "count": 1
        },
        "BallCollector.Policy.ExtrinsicReward.mean": {
            "value": 9.00288205151401,
            "min": 9.00288205151401,
            "max": 9.00288205151401,
            "count": 1
        },
        "BallCollector.Policy.ExtrinsicReward.sum": {
            "value": 4654.490020632744,
            "min": 4654.490020632744,
            "max": 4654.490020632744,
            "count": 1
        },
        "BallCollector.Policy.GailReward.mean": {
            "value": 1.054591090344344,
            "min": 1.054591090344344,
            "max": 1.054591090344344,
            "count": 1
        },
        "BallCollector.Policy.GailReward.sum": {
            "value": 545.2235937080259,
            "min": 545.2235937080259,
            "max": 545.2235937080259,
            "count": 1
        },
        "BallCollector.Policy.CuriosityReward.mean": {
            "value": 0.0,
            "min": 0.0,
            "max": 0.0,
            "count": 1
        },
        "BallCollector.Policy.CuriosityReward.sum": {
            "value": 0.0,
            "min": 0.0,
            "max": 0.0,
            "count": 1
        },
        "BallCollector.IsTraining.mean": {
            "value": 0.0,
            "min": 0.0,
            "max": 0.0,
            "count": 1
        },
        "BallCollector.IsTraining.sum": {
            "value": 0.0,
            "min": 0.0,
            "max": 0.0,
            "count": 1
        }
    },
    "metadata": {
        "timer_format_version": "0.1.0",
        "start_time_seconds": "1717665828",
        "python_version": "3.10.12 | packaged by Anaconda, Inc. | (main, Jul  5 2023, 19:01:18) [MSC v.1916 64 bit (AMD64)]",
        "command_line_arguments": "\\\\?\\C:\\Users\\ignaj\\anaconda3\\envs\\mlagents\\Scripts\\mlagents-learn BallCollectorBCGlowCur.yaml --run-id=BCGlowCur --env=BuildsForRewTimePen/Ball_in_a_hole --inference --resume --width=1024 --height=1024 --time-scale=5",
        "mlagents_version": "1.0.0",
        "mlagents_envs_version": "1.0.0",
        "communication_protocol_version": "1.5.0",
        "pytorch_version": "2.3.0+cu121",
        "numpy_version": "1.21.3",
        "end_time_seconds": "1717665901"
    },
    "total": 73.44985900000029,
    "count": 1,
    "self": 4.2152283000032185,
    "children": {
        "run_training.setup": {
            "total": 0.08030349999899045,
            "count": 1,
            "self": 0.08030349999899045
        },
        "TrainerController.start_learning": {
            "total": 69.15432719999808,
            "count": 1,
            "self": 0.10436830056278268,
            "children": {
                "TrainerController._reset_env": {
                    "total": 7.536370699999679,
                    "count": 1,
                    "self": 6.618210899992846,
                    "children": {
                        "demo_to_buffer": {
                            "total": 0.9181598000068334,
                            "count": 2,
                            "self": 5.750000127591193e-05,
                            "children": {
                                "load_demonstration": {
                                    "total": 0.017323500011116266,
                                    "count": 2,
                                    "self": 0.017159300005005207,
                                    "children": {
                                        "read_file": {
                                            "total": 0.00016420000611105934,
                                            "count": 2,
                                            "self": 0.00016420000611105934
                                        }
                                    }
                                },
                                "make_demo_buffer": {
                                    "total": 0.9007787999944412,
                                    "count": 2,
                                    "self": 0.1968501998053398,
                                    "children": {
                                        "steps_from_proto": {
                                            "total": 0.7039286001891014,
                                            "count": 10428,
                                            "self": 0.4374867007281864,
                                            "children": {
                                                "_process_rank_one_or_two_observation": {
                                                    "total": 0.266441899460915,
                                                    "count": 20856,
                                                    "self": 0.266441899460915
                                                }
                                            }
                                        }
                                    }
                                }
                            }
                        }
                    }
                },
                "TrainerController.advance": {
                    "total": 61.51358729943604,
                    "count": 8715,
                    "self": 0.1017495991764008,